{
    "Query": "Report the Gross Margin over the last 5 quarters, with values.",
    "T_ingest": null,
    "T_retrieve": 32.148242235183716,
    "T_rerank": 9.624682903289795,
    "T_reason": 1.1852390766143799,
    "T_generate": 4.401908874511719,
    "T_total": 64.70625901222229,
    "prompt_tokens": 1536,
    "completion_tokens": 305,
    "total_tokens": 1841,
    "cache_hit": false
}